{"inputUnits":[34],"outputUnits":5,"inputs":{"0":{"dtype":"number","min":826.2994372867934,"max":1005.0096067908214},"1":{"dtype":"number","min":147.07761530290566,"max":261.7731426752101},"2":{"dtype":"number","min":844.4196930823967,"max":1039.2164435581853},"3":{"dtype":"number","min":121.89667610629488,"max":250.0394610726578},"4":{"dtype":"number","min":784.7708861590826,"max":980.3391770033808},"5":{"dtype":"number","min":126.13371910407528,"max":237.44044402421798},"6":{"dtype":"number","min":908.738427115695,"max":1088.161807887503},"7":{"dtype":"number","min":163.09653477362025,"max":316.5428778813829},"8":{"dtype":"number","min":764.6349389743618,"max":910.216204845882},"9":{"dtype":"number","min":179.30729737755843,"max":291.3723189742476},"10":{"dtype":"number","min":1001.772385089718,"max":1188.955889547545},"11":{"dtype":"number","min":275.13169078566636,"max":412.19211630421535},"12":{"dtype":"number","min":722.0139150638097,"max":838.2009836758322},"13":{"dtype":"number","min":295.3341419004324,"max":408.78205475983793},"14":{"dtype":"number","min":992.1265219526681,"max":1303.334570693226},"15":{"dtype":"number","min":123.79036172788739,"max":785.5124859131336},"16":{"dtype":"number","min":583.3579092044347,"max":881.9137626781798},"17":{"dtype":"number","min":159.46028265107208,"max":657.1067349023057},"18":{"dtype":"number","min":910.6276983963816,"max":1244.368625217014},"19":{"dtype":"number","min":22.563775194551056,"max":871.832969620911},"20":{"dtype":"number","min":608.2568555686905,"max":1020.8522363852338},"21":{"dtype":"number","min":-9.368670428240762,"max":862.0879258421662},"22":{"dtype":"number","min":932.3471551192433,"max":1117.2960843537983},"23":{"dtype":"number","min":643.234891835709,"max":834.5566087391874},"24":{"dtype":"number","min":769.1393162539595,"max":912.7866284703185},"25":{"dtype":"number","min":668.870934082983,"max":872.4865591781645},"26":{"dtype":"number","min":959.812493872689,"max":1196.757640206558},"27":{"dtype":"number","min":694.9466174387792,"max":977.744476139894},"28":{"dtype":"number","min":741.9848835073251,"max":914.6351421274404},"29":{"dtype":"number","min":822.4509041769463,"max":994.2439261096263},"30":{"dtype":"number","min":953.9416584215666,"max":1193.2960444816604},"31":{"dtype":"number","min":826.6901455706322,"max":993.9486405816924},"32":{"dtype":"number","min":755.0070321304291,"max":919.1575336270397},"33":{"dtype":"number","min":950.0871993691367,"max":995.9745693392688}},"outputs":{"0":{"dtype":"string","min":0,"max":1,"uniqueValues":["ready","up","down","left","right"],"legend":{"ready":[1,0,0,0,0],"up":[0,1,0,0,0],"down":[0,0,1,0,0],"left":[0,0,0,1,0],"right":[0,0,0,0,1]}}},"isNormalized":true}